wavelength,flux,flux_error
6100.025902,90438.203125,302.814209
6100.069049,91261.304688,304.131348
6100.112197,91475.125,304.491425
6100.155344,90175.703125,302.45636
6100.198491,91162.492188,304.041321
6100.241638,90140.054688,302.338379
6100.284786,89792.34375,301.837616
6100.327933,89873.539062,301.834167
6100.37108,89723.773438,301.747955
6100.414227,88113.601562,299.027008
6100.457375,88192.710938,298.992188
6100.500522,88948.742188,300.382629
6100.543669,88804.90625,300.23877
6100.586816,89603.953125,301.508057
6100.629964,90211.515625,302.505981
6100.673111,90784.265625,303.343536
6100.716258,91012.398438,303.752289
6100.759405,90872.078125,303.749817
6100.802553,91656.398438,304.873932
6100.8457,91122.492188,303.95932
6100.888847,90628.710938,303.108459
6100.931994,91810.09375,305.176117
6100.975142,91185.0,304.136749
6101.018289,92351.25,305.926697
6101.061436,91721.148438,305.07605
6101.104583,92161.671875,305.592865
6101.147731,91765.273438,305.214783
6101.190878,92102.40625,305.729645
6101.234025,92222.226562,305.757385
6101.277173,92974.6875,307.06665
6101.32032,92732.445312,306.598846
6101.363467,92487.484375,306.203217
6101.406614,92829.109375,306.757233
6101.449762,92934.992188,306.936798
6101.492909,93163.960938,307.369385
6101.536056,92781.75,306.818665
6101.579203,92782.953125,306.801941
6101.622351,92823.15625,306.799011
6101.665498,92773.039062,306.756348
6101.708645,93106.664062,307.209686
6101.751792,92602.773438,306.480072
6101.79494,92218.273438,305.805756
6101.838087,92259.921875,306.111633
6101.881234,93492.601562,307.917725
6101.924381,92657.375,306.544525
6101.967529,93615.804688,307.963776
6102.010676,92952.507812,307.007935
6102.053823,92706.320312,306.59613
6102.09697,91284.835938,304.275116
6102.140118,90731.921875,303.362457
6102.183265,87553.3125,298.07196
6102.226412,81818.085938,288.200989
6102.269559,73462.601562,273.494385
6102.312707,66233.367188,260.003296
6102.355854,64389.164062,256.437042
6102.399001,67788.664062,263.108215
6102.442149,75193.84375,276.727203
6102.485296,83188.859375,290.703156
6102.528443,88595.054688,299.832123
6102.57159,90360.867188,302.79538
6102.614738,90919.648438,303.6492
6102.657885,89775.0,301.776215
6102.701032,86467.75,296.247681
6102.744179,78961.492188,283.463409
6102.787327,69217.875,265.69577
6102.830474,57839.933594,243.420914
6102.873621,50086.109375,227.043259
6102.916768,50300.289062,227.501328
6102.959916,58869.4375,245.656616
6103.003063,70814.539062,268.563293
6103.04621,81438.265625,287.638367
6103.089357,87710.453125,298.407745
6103.132505,90470.632812,302.903564
6103.175652,90578.492188,302.956207
6103.218799,87726.6875,298.408905
6103.261946,82195.109375,288.993103
6103.305094,74628.851562,275.60849
6103.348241,69667.828125,266.535095
6103.391388,68266.71875,263.909271
6103.434535,70962.695312,268.908112
6103.477683,77009.726562,279.752533
6103.52083,82114.023438,289.029175
6103.563977,87549.601562,298.075653
6103.607125,90459.109375,302.865509
6103.650272,92713.335938,306.670197
6103.693419,92784.867188,306.748505
6103.736566,93994.335938,308.611816
6103.779714,94410.078125,309.343506
6103.822861,94301.625,309.058136
6103.866008,95248.234375,310.754028
6103.909155,95342.171875,310.936707
6103.952303,94846.210938,310.104584
6103.99545,96467.890625,312.616425
6104.038597,95986.765625,311.846649
6104.081744,96654.664062,312.867676
6104.124892,96274.25,312.406677
6104.168039,95565.765625,311.296753
6104.211186,96050.757812,311.963562
6104.254333,96257.820312,312.470734
6104.297481,97114.46875,313.937561
6104.340628,97145.15625,313.872253
6104.383775,96493.398438,312.69397
6104.426922,96505.59375,312.737061
6104.47007,96649.921875,313.056427
6104.513217,96289.515625,312.507538
6104.556364,96782.539062,313.304688
6104.599511,96788.75,313.261688
6104.642659,96660.390625,313.206726
6104.685806,96718.84375,313.128723
6104.728953,96843.15625,313.180359
6104.772101,96704.59375,312.99881
6104.815248,96846.828125,313.195282
6104.858395,97207.78125,313.9245
6104.901542,96417.296875,312.625031
6104.94469,97124.429688,313.775787
6104.987837,97228.625,313.856415
6105.030984,98384.664062,315.796936
6105.074131,98317.25,315.656403
6105.117279,96950.601562,313.45871
6105.160426,96875.976562,313.37085
6105.203573,95990.773438,312.011902
6105.24672,94226.78125,309.126831
6105.289868,93949.585938,308.585205
6105.333015,94473.320312,309.610413
6105.376162,95157.75,310.725952
6105.419309,96628.125,312.896515
6105.462457,97265.304688,313.992371
6105.505604,97820.601562,314.919373
6105.548751,98733.78125,316.240417
6105.591898,97991.859375,315.225922
6105.635046,98624.664062,316.219696
6105.678193,97851.078125,314.938416
6105.72134,98750.984375,316.479156
6105.764487,98589.554688,316.039001
6105.807635,98418.328125,315.888794
6105.850782,98189.992188,315.5289
6105.893929,98620.445312,316.154083
6105.937077,98165.375,315.445709
6105.980224,98119.382812,315.308807
6106.023371,98952.828125,316.563049
6106.066518,99144.867188,316.898804
6106.109666,99456.664062,317.436127
6106.152813,99547.65625,317.649475
6106.19596,99096.179688,316.939728
6106.239107,99276.382812,317.215179
6106.282255,99702.226562,317.819733
6106.325402,99475.476562,317.410645
6106.368549,99193.15625,317.019501
6106.411696,99457.390625,317.43631
6106.454844,98903.390625,316.654572
6106.497991,98291.953125,315.662445
6106.541138,98434.140625,315.809265
6106.584285,97639.53125,314.651886
6106.627433,97357.445312,314.126007
6106.67058,96134.4375,312.195923
6106.713727,96499.3125,312.774658
6106.756874,95215.25,310.842957
6106.800022,95411.6875,311.033112
6106.843169,96754.664062,313.321991
6106.886316,97519.992188,314.634705
6106.929463,98608.804688,316.105194
6106.972611,98726.84375,316.257172
6107.015758,99626.523438,317.652802
6107.058905,99401.351562,317.29483
6107.102053,99495.96875,317.564819
6107.1452,100187.890625,318.507202
6107.188347,99758.554688,317.982971
6107.231494,100151.054688,318.579956
6107.274642,100069.320312,318.385193
6107.317789,100331.101562,318.841461
6107.360936,100387.09375,319.012512
6107.404083,100375.96875,318.952454
6107.447231,100859.4375,319.728882
6107.490378,100295.414062,318.815277
6107.533525,100373.765625,318.927887
6107.576672,100269.5625,318.897369
6107.61982,100688.507812,319.293091
6107.662967,101642.65625,320.991913
6107.706114,101135.0625,320.093048
6107.749261,100588.632812,319.289276
6107.792409,101101.117188,319.939606
6107.835556,101975.960938,321.347321
6107.878703,100815.1875,319.591919
6107.92185,101340.007812,320.359802
6107.964998,101055.5,319.989716
6108.008145,101037.09375,320.032928
6108.051292,100849.65625,319.723724
6108.094439,98728.429688,316.321442
6108.137587,95860.875,311.778015
6108.180734,91681.8125,305.032745
6108.223881,83202.242188,290.835724
6108.267029,78289.117188,282.193268
6108.310176,78674.5,283.047272
6108.353323,83443.148438,291.374908
6108.39647,91009.257812,303.973175
6108.439618,96901.195312,313.577332
6108.482765,99973.039062,318.388519
6108.525912,101146.179688,320.163086
6108.569059,101975.617188,321.37384
6108.612207,102717.679688,322.552368
6108.655354,102370.054688,322.12088
6108.698501,102156.101562,321.656769
6108.741648,102806.96875,322.753113
6108.784796,102092.09375,321.747894
6108.827943,102375.210938,322.045288
6108.87109,102560.507812,322.434448
6108.914237,102540.570312,322.327911
6108.957385,102291.0625,321.736115
6109.000532,101603.679688,320.756378
6109.043679,102406.976562,322.136139
6109.086826,102493.359375,322.191101
6109.129974,103044.398438,323.059875
6109.173121,102690.195312,322.57486
6109.216268,103620.0625,323.943329
6109.259415,102847.867188,322.803497
6109.302563,103033.359375,323.129791
6109.34571,102631.578125,322.406433
6109.388857,103157.789062,323.187683
6109.432005,103697.007812,324.110046
6109.475152,102885.460938,322.872009
6109.518299,103273.0,323.440186
6109.561446,103282.84375,323.417328
6109.604594,103441.367188,323.609955
6109.647741,103718.773438,324.153687
6109.690888,103598.4375,323.86853
6109.734035,104122.648438,324.661011
6109.777183,104386.804688,325.254456
6109.82033,104161.132812,324.812561
6109.863477,103765.765625,324.246674
6109.906624,104346.703125,325.171326
6109.949772,104017.632812,324.744598
6109.992919,103659.460938,323.99231
6110.036066,104302.125,325.05365
6110.079213,104085.5625,324.741119
6110.122361,104500.617188,325.255585
6110.165508,104315.539062,325.040619
6110.208655,104868.78125,325.791138
6110.251802,104535.320312,325.473358
6110.29495,103901.875,324.345276
6110.338097,104206.679688,324.873871
6110.381244,104393.34375,325.2117
6110.424391,104008.726562,324.679901
6110.467539,103688.59375,324.149475
6110.510686,103646.390625,324.019165
6110.553833,103891.484375,324.431671
6110.596981,104257.023438,325.094971
6110.640128,105134.5,326.330597
6110.683275,104831.75,325.831757
6110.726422,105064.398438,326.23233
6110.76957,105132.28125,326.349548
6110.812717,105841.789062,327.433868
6110.855864,105550.882812,327.015015
6110.899011,104384.625,325.221649
6110.942159,105754.734375,327.245697
6110.985306,105245.242188,326.512329
6111.028453,105185.25,326.360168
6111.0716,104061.96875,324.65979
6111.114748,101156.882812,320.169495
6111.157895,97763.484375,314.857788
6111.201042,93125.976562,307.398224
6111.244189,92433.640625,306.170776
6111.287337,94108.226562,308.988342
6111.330484,98145.828125,315.423676
6111.373631,101254.773438,320.410858
6111.416778,104305.257812,325.092926
6111.459926,105814.664062,327.303192
6111.503073,106491.882812,328.377319
6111.54622,105798.25,327.464569
6111.589367,106341.671875,328.168823
6111.632515,106058.953125,327.809326
6111.675662,106014.328125,327.657318
6111.718809,105093.976562,326.320251
6111.761957,103700.59375,324.240265
6111.805104,103581.039062,323.898407
6111.848251,104487.28125,325.228516
6111.891398,104504.421875,325.282318
6111.934546,104675.617188,325.645355
6111.977693,105982.03125,327.773987
6112.02084,106699.117188,328.749817
6112.063987,106850.304688,328.87027
6112.107135,106235.0625,328.026825
6112.150282,106420.476562,328.255981
6112.193429,106806.1875,328.878784
6112.236576,106626.632812,328.689941
6112.279724,106782.476562,328.84024
6112.322871,105982.601562,327.649506
6112.366018,106731.945312,328.834351
6112.409165,105637.492188,327.142731
6112.452313,105893.203125,327.340271
6112.49546,106995.820312,329.174011
6112.538607,106304.539062,328.105774
6112.581754,107126.640625,329.447418
6112.624902,107534.210938,330.043945
6112.668049,107464.234375,329.889557
6112.711196,107006.695312,329.121033
6112.754343,107320.867188,329.797882
6112.797491,107124.789062,329.373688
6112.840638,107092.320312,329.34375
6112.883785,107232.757812,329.558319
6112.926933,107278.1875,329.510895
6112.97008,106396.992188,328.169159
6113.013227,104809.070312,325.922302
6113.056374,103580.109375,324.020203
6113.099522,103225.460938,323.471436
6113.142669,103558.21875,323.919495
6113.185816,104121.625,324.778107
6113.228963,105083.867188,326.317566
6113.272111,104569.101562,325.470123
6113.315258,104856.789062,325.919067
6113.358405,104426.054688,325.274506
6113.401552,102087.132812,321.78479
6113.4447,100770.945312,319.63382
6113.487847,99293.898438,317.349792
6113.530994,100750.179688,319.714508
6113.574141,103624.90625,323.966644
6113.617289,105331.859375,326.720947
6113.660436,107356.515625,329.808441
6113.703583,107752.945312,330.367432
6113.74673,108537.125,331.500397
6113.789878,108517.210938,331.638977
6113.833025,108642.515625,331.699738
6113.876172,108122.976562,330.749542
6113.919319,108796.414062,332.115082
6113.962467,107930.15625,330.607391
6114.005614,108614.007812,331.694641
6114.048761,108307.046875,331.230713
6114.091909,109029.273438,332.337097
6114.135056,109142.710938,332.365204
6114.178203,109401.820312,332.760986
6114.22135,109172.484375,332.589447
6114.264498,109320.398438,332.797913
6114.307645,109489.070312,333.030731
6114.350792,109152.179688,332.506653
6114.393939,109672.203125,333.170898
6114.437087,109122.0,332.339722
6114.480234,109219.34375,332.62088
6114.523381,109270.570312,332.593597
6114.566528,108848.421875,332.053497
6114.609676,109212.867188,332.654022
6114.652823,109305.078125,332.70285
6114.69597,110047.726562,333.827454
6114.739117,110159.289062,334.023834
6114.782265,109681.578125,333.245667
6114.825412,110082.789062,333.868286
6114.868559,109614.4375,333.184448
6114.911706,108683.953125,331.832764
6114.954854,108904.617188,332.189362
6114.998001,109260.96875,332.526337
6115.041148,109232.460938,332.618134
6115.084295,109537.484375,333.055481
6115.127443,109274.820312,332.632141
6115.17059,110112.476562,334.026733
6115.213737,111000.46875,335.274109
6115.256884,110196.726562,334.117035
6115.300032,110040.710938,333.78183
6115.343179,109925.578125,333.681763
6115.386326,110226.171875,334.113586
6115.429474,110144.671875,333.851318
6115.472621,110327.632812,334.203217
6115.515768,110857.304688,335.132324
6115.558915,110302.851562,334.157166
6115.602063,110270.40625,334.133423
6115.64521,110051.8125,333.795868
6115.688357,109499.226562,333.138031
6115.731504,110738.320312,334.816101
6115.774652,110420.953125,334.434631
6115.817799,110545.679688,334.596039
6115.860946,109899.078125,333.530121
6115.904093,108747.078125,331.933136
6115.947241,109466.28125,333.066956
6115.990388,110152.390625,333.981384
6116.033535,109388.195312,332.796936
6116.076682,109452.21875,332.931366
6116.11983,108252.640625,331.215851
6116.162977,105063.539062,326.453156
6116.206124,102052.539062,321.682068
6116.249271,97744.585938,314.879242
6116.292419,91975.867188,305.682404
6116.335566,87390.710938,298.127686
6116.378713,86631.796875,296.829895
6116.42186,90296.875,302.950836
6116.465008,95862.382812,312.158386
6116.508155,102402.640625,322.329163
6116.551302,107270.320312,329.650452
6116.59445,108948.210938,332.282867
6116.637597,110691.851562,334.783478
6116.680744,110639.914062,334.854523
6116.723891,110702.984375,335.083405
6116.767039,110079.15625,333.890381
6116.810186,110617.59375,334.796631
6116.853333,111352.007812,335.696533
6116.89648,111292.695312,335.611572
6116.939628,111190.101562,335.642273
6116.982775,110876.875,335.140686
6117.025922,110717.765625,334.966614
6117.069069,110416.203125,334.289978
6117.112217,109996.59375,333.76413
6117.155364,109808.304688,333.572876
6117.198511,109653.914062,333.267944
6117.241658,110640.648438,334.729218
6117.284806,110058.929688,333.881348
6117.327953,110493.460938,334.430603
6117.3711,111103.703125,335.420746
6117.414247,110905.703125,335.08255
6117.457395,111322.195312,335.775574
6117.500542,112144.101562,337.011261
6117.543689,112182.414062,336.984924
6117.586836,112226.882812,337.168457
6117.629984,112239.257812,337.177551
6117.673131,111928.570312,336.684326
6117.716278,111804.632812,336.528809
6117.759426,112288.507812,337.312775
6117.802573,112484.039062,337.524292
6117.84572,112364.117188,337.231506
6117.888867,112268.734375,337.209167
6117.932015,112820.132812,337.942322
6117.975162,112884.765625,338.089478
6118.018309,112459.921875,337.506134
6118.061456,112344.984375,337.261383
6118.104604,112315.960938,337.307953
6118.147751,112501.71875,337.580353
6118.190898,111840.796875,336.520325
6118.234045,111731.96875,336.233063
6118.277193,111669.976562,336.35675
6118.32034,111730.09375,336.330841
6118.363487,112737.234375,337.892059
6118.406634,113249.382812,338.621338
6118.449782,113051.226562,338.300537
6118.492929,113087.140625,338.290344
6118.536076,112803.34375,337.877533
6118.579223,113185.484375,338.485565
6118.622371,112951.90625,338.376251
6118.665518,113871.171875,339.592346
6118.708665,113365.6875,338.820923
6118.751812,113790.65625,339.388763
6118.79496,113823.320312,339.544342
6118.838107,113807.9375,339.451538
6118.881254,113964.8125,339.654968
6118.924402,114105.640625,339.89682
6118.967549,113987.507812,339.701569
6119.010696,113744.546875,339.248322
6119.053843,113986.398438,339.709503
6119.096991,113366.875,338.805298
6119.140138,114325.007812,340.378326
6119.183285,113868.09375,339.504486
6119.226432,113945.953125,339.761536
6119.26958,113732.453125,339.376556
6119.312727,113524.070312,339.043854
6119.355874,113301.0625,338.746002
6119.399021,114462.007812,340.410126
6119.442169,113399.632812,338.821564
6119.485316,113212.742188,338.478516
6119.528463,113265.90625,338.559448
6119.57161,112241.304688,337.186401
6119.614758,110462.179688,334.571472
6119.657905,108938.101562,332.238342
6119.701052,108141.632812,331.088928
6119.744199,108787.554688,331.928101
6119.787347,109383.609375,332.821747
6119.830494,109808.242188,333.625854
6119.873641,110325.835938,334.297791
6119.916788,109246.171875,332.660614
6119.959936,110425.289062,334.482269
6120.003083,110659.382812,334.807953
6120.04623,112500.554688,337.635803
6120.089378,114101.359375,339.970245
6120.132525,114698.179688,340.807129
6120.175672,114834.703125,340.899933
6120.218819,115572.304688,342.097778
6120.261967,113722.320312,339.392761
6120.305114,114117.914062,339.898499
6120.348261,114065.359375,339.893158
6120.391408,113424.742188,338.723328
6120.434556,112754.117188,338.077911
6120.477703,113372.421875,338.770203
6120.52085,113528.210938,339.201263
6120.563997,113426.585938,338.835358
6120.607145,114509.75,340.509827
6120.650292,114522.664062,340.51001
6120.693439,115364.414062,341.772003
6120.736586,114342.601562,340.37265
6120.779734,114794.453125,340.945801
6120.822881,115220.898438,341.521576
6120.866028,114620.484375,340.85199
6120.909175,114308.109375,340.222931
6120.952323,114065.039062,339.951538
6120.99547,113634.984375,339.365509
6121.038617,114044.03125,339.853424
6121.081764,114090.757812,339.935333
6121.124912,113179.929688,338.40097
6121.168059,112863.46875,338.115753
6121.211206,113645.6875,339.247467
6121.254354,114515.984375,340.550995
6121.297501,114873.445312,340.992859
6121.340648,115393.875,341.6922
6121.383795,115490.390625,341.996155
6121.426943,115101.117188,341.323364
6121.47009,114878.984375,340.907318
6121.513237,114756.21875,340.913605
6121.556384,115178.367188,341.568542
6121.599532,114978.28125,341.187378
6121.642679,115125.21875,341.293793
6121.685826,115029.976562,341.180206
6121.728973,114084.320312,339.895844
6121.772121,114386.734375,340.431488
6121.815268,114389.570312,340.4086
6121.858415,115062.78125,341.217804
6121.901562,114646.914062,340.677155
6121.94471,113714.898438,339.385956
6121.987857,113764.015625,339.391418
6122.031004,112324.460938,337.140198
6122.074151,111617.484375,336.330566
6122.117299,109256.875,332.791565
6122.160446,106036.164062,327.875427
6122.203593,99216.382812,317.367462
6122.24674,89032.882812,300.836639
6122.289888,74008.679688,274.770935
6122.333035,59007.199219,246.213867
6122.376182,49891.546875,227.07106
6122.41933,51254.007812,230.081848
6122.462477,62386.207031,252.992188
6122.505624,78327.476562,282.595703
6122.548771,92295.625,306.220001
6122.591919,101340.5625,320.69519
6122.635066,106952.171875,329.216736
6122.678213,111074.820312,335.452148
6122.72136,111186.507812,335.696014
6122.764508,112298.28125,337.209747
6122.807655,112439.4375,337.424561
6122.850802,113903.382812,339.807861
6122.893949,114139.546875,339.912109
6122.937097,114933.203125,341.216156
6122.980244,115375.734375,341.667206
6123.023391,115138.304688,341.49173
6123.066538,115172.414062,341.47934
6123.109686,116115.804688,343.055115
6123.152833,115420.375,341.786682
6123.19598,115790.445312,342.49823
6123.239127,115677.601562,342.363068
6123.282275,115223.796875,341.43277
6123.325422,114932.273438,341.189362
6123.368569,115025.953125,341.390686
6123.411716,115394.484375,341.92868
6123.454864,115338.398438,341.884766
6123.498011,115719.53125,342.259216
6123.541158,114920.757812,341.194183
6123.584306,114828.664062,341.167267
6123.627453,114956.117188,341.242798
6123.6706,114966.398438,341.249786
6123.713747,114911.726562,341.079346
6123.756895,115414.390625,341.734558
6123.800042,116137.71875,342.960938
6123.843189,116410.742188,343.37912
6123.886336,116528.5625,343.556793
6123.929484,116388.78125,343.265472
6123.972631,116936.914062,343.972839
6124.015778,117190.164062,344.434845
6124.058925,117311.335938,344.728638
6124.102073,117437.375,344.858643
6124.14522,116767.75,343.933624
6124.188367,117063.921875,344.375
6124.231514,117101.867188,344.303894
6124.274662,117281.625,344.544128
6124.317809,117569.445312,345.019684
6124.360956,117376.421875,344.887787
6124.404103,118001.203125,345.567657
6124.447251,117102.5,344.362305
6124.490398,117298.664062,344.657166
6124.533545,117931.429688,345.550049
6124.576692,117607.046875,345.196869
6124.61984,117790.84375,345.445068
6124.662987,118149.101562,345.804016
6124.706134,117675.398438,345.214111
6124.749282,117662.335938,345.170074
6124.792429,117972.132812,345.448975
6124.835576,117650.773438,345.06958
6124.878723,117497.976562,344.837769
6124.921871,117325.992188,344.774506
6124.965018,116445.570312,343.478668
6125.008165,115539.351562,342.094147
6125.051312,112748.773438,337.86438
6125.09446,108335.40625,331.461853
6125.137607,105366.359375,326.908569
6125.180754,103287.703125,323.709961
6125.223901,103963.3125,324.850006
6125.267049,108017.367188,330.957245
6125.310196,111386.578125,336.097565
6125.353343,113863.070312,339.684723
6125.39649,117053.09375,344.261566
6125.439638,117224.375,344.643066
6125.482785,117732.3125,345.155365
6125.525932,117892.445312,345.657043
6125.569079,118077.3125,345.72995
6125.612227,118491.257812,346.360168
6125.655374,118954.320312,346.982269
6125.698521,118268.507812,346.047028
6125.741668,119001.921875,347.085358
6125.784816,118626.789062,346.508392
6125.827963,119874.367188,348.302002
6125.87111,118952.242188,346.96167
6125.914258,118850.039062,347.057983
6125.957405,118983.484375,347.066864
6126.000552,119144.09375,347.372223
6126.043699,119099.539062,347.3815
6126.086847,119176.648438,347.398438
6126.129994,119358.929688,347.515472
6126.173141,118755.023438,346.641632
6126.216288,117634.609375,345.255035
6126.259436,116405.1875,343.260681
6126.302583,115186.054688,341.588165
6126.34573,112647.9375,337.888153
6126.388877,112398.539062,337.483337
6126.432025,112949.664062,338.355316
6126.475172,114380.453125,340.374908
6126.518319,117061.71875,344.349823
6126.561466,117993.539062,345.67392
6126.604614,118809.59375,346.971466
6126.647761,119288.65625,347.607513
6126.690908,119362.828125,347.504211
6126.734055,119270.609375,347.554321
6126.777203,119914.195312,348.283508
6126.82035,120173.523438,348.601715
6126.863497,119600.015625,347.927734
6126.906644,119397.992188,347.586823
6126.949792,119557.476562,347.902435
6126.992939,119992.320312,348.491272
6127.036086,119936.898438,348.44281
6127.079234,120334.835938,349.0224
6127.122381,119719.085938,348.076111
6127.165528,119054.039062,347.125153
6127.208675,119499.289062,347.802216
6127.251823,119269.015625,347.374451
6127.29497,119614.960938,348.009155
6127.338117,120220.789062,348.913147
6127.381264,119635.492188,348.10083
6127.424412,120027.5625,348.736572
6127.467559,119955.460938,348.46463
6127.510706,119486.179688,347.807068
6127.553853,119126.046875,347.262665
6127.597001,119482.828125,347.754028
6127.640148,119731.828125,348.121704
6127.683295,119462.796875,347.667358
6127.726442,120030.554688,348.465576
6127.76959,120509.445312,349.35675
6127.812737,119800.148438,348.199219
6127.855884,119700.289062,348.247162
6127.899031,117480.976562,345.015533
6127.942179,113204.539062,338.621307
6127.985326,107443.140625,330.013458
6128.028473,101108.390625,320.372833
6128.07162,96398.65625,312.953949
6128.114768,98619.703125,316.6185
6128.157915,104131.9375,324.958099
6128.201062,111001.539062,335.60849
6128.24421,115195.90625,341.639221
6128.287357,117460.882812,344.921356
6128.330504,117848.40625,345.43811
6128.373651,119043.195312,347.181488
6128.416799,120109.617188,348.611969
6128.459946,120629.664062,349.496674
6128.503093,120519.625,349.261627
6128.54624,119942.429688,348.609589
6128.589388,120255.617188,348.915863
6128.632535,120671.914062,349.480011
6128.675682,120034.21875,348.596252
6128.718829,120658.429688,349.469269
6128.761977,121106.148438,350.196136
6128.805124,120886.195312,349.919464
6128.848271,121464.804688,350.585754
6128.891418,119527.546875,347.850769
6128.934566,120830.125,349.681366
6128.977713,119201.265625,347.420013
6129.02086,117974.882812,345.701019
6129.064007,114450.914062,340.593933
6129.107155,112338.671875,337.356659
6129.150302,111817.382812,336.754456
6129.193449,112783.632812,338.202637
6129.236596,114911.015625,341.319153
6129.279744,116931.125,344.022278
6129.322891,118004.335938,345.691833
6129.366038,119148.195312,347.36087
6129.409185,118330.757812,346.171326
6129.452333,119282.820312,347.595825
6129.49548,119730.539062,348.339508
6129.538627,120029.421875,348.717682
6129.581775,120230.992188,348.864777
6129.624922,119402.679688,347.718506
6129.668069,118187.179688,346.047424
6129.711216,118307.835938,346.032867
6129.754364,117690.234375,345.129486
6129.797511,117761.554688,345.317474
6129.840658,117283.1875,344.705566
6129.883805,117448.117188,344.954712
6129.926953,118845.585938,346.817871
6129.9701,119907.195312,348.505371
6130.013247,120638.382812,349.315308
6130.056394,120830.476562,349.703461
6130.099542,121120.03125,350.225983
6130.142689,119359.226562,347.529205
6130.185836,117757.640625,345.34021
6130.228983,115160.195312,341.556702
6130.272131,112077.671875,337.031921
6130.315278,111102.53125,335.789917
6130.358425,113384.234375,338.936096
6130.401572,115758.953125,342.411377
6130.44472,118484.382812,346.404877
6130.487867,119656.9375,347.894653
6130.531014,120760.0,349.725128
6130.574161,121793.039062,351.202667
6130.617309,121473.875,350.666656
6130.660456,121854.078125,351.346344
6130.703603,122038.289062,351.514679
6130.746751,121545.390625,350.715271
6130.789898,121396.765625,350.450653
6130.833045,121590.195312,350.826752
6130.876192,121506.179688,350.74646
6130.91934,121439.570312,350.672638
6130.962487,121461.6875,350.697845
6131.005634,121577.132812,350.811401
6131.048781,121428.78125,350.670471
6131.091929,121458.296875,350.585968
6131.135076,121213.101562,350.242493
6131.178223,121316.523438,350.521057
6131.22137,121167.234375,350.182556
6131.264518,121760.523438,351.054474
6131.307665,121037.023438,350.036285
6131.350812,119993.007812,348.549957
6131.393959,120186.234375,348.868469
6131.437107,119116.789062,347.250214
6131.480254,118819.523438,346.79837
6131.523401,119433.5625,347.744598
6131.566548,119157.703125,347.360992
6131.609696,116825.882812,343.931335
6131.652843,114946.671875,341.252045
6131.69599,111983.09375,336.794617
6131.739137,109880.03125,333.772583
6131.782285,110314.8125,334.481415
6131.825432,112425.726562,337.532532
6131.868579,114037.546875,339.778687
6131.911727,114392.132812,340.412079
6131.954874,111915.375,336.841095
6131.998021,109409.765625,333.067688
6132.041168,109622.109375,333.500732
6132.084316,111439.617188,336.094635
6132.127463,114658.289062,340.894867
6132.17061,117194.03125,344.532349
6132.213757,119899.09375,348.477356
6132.256905,120505.367188,349.23111
6132.300052,120627.875,349.340485
6132.343199,121395.304688,350.557922
6132.386346,121287.335938,350.491486
6132.429494,121223.921875,350.354065
6132.472641,121112.929688,350.117432
6132.515788,121278.195312,350.247498
6132.558935,120639.460938,349.529114
6132.602083,120554.523438,349.52359
6132.64523,121989.90625,351.53598
6132.688377,122409.710938,351.992096
6132.731524,121503.84375,350.815216
6132.774672,121606.554688,350.675415
6132.817819,122304.789062,351.789307
6132.860966,121714.039062,351.029022
6132.904113,122490.953125,352.089142
6132.947261,121671.65625,350.913513
6132.990408,121216.921875,350.138885
6133.033555,121515.695312,350.656219
6133.076703,122677.734375,352.290771
6133.11985,122269.203125,351.757874
6133.162997,122123.039062,351.454132
6133.206144,121415.445312,350.614899
6133.249292,121212.5625,350.29071
6133.292439,121487.585938,350.743042
6133.335586,120999.546875,350.068909
6133.378733,120202.054688,348.863312
6133.421881,120134.734375,348.747681
6133.465028,120715.953125,349.553864
6133.508175,121089.796875,350.152222
6133.551322,121947.71875,351.344299
6133.59447,121992.601562,351.472717
6133.637617,121767.140625,351.123016
6133.680764,121704.726562,350.944397
6133.723911,122440.21875,351.899384
6133.767059,122258.71875,351.765564
6133.810206,121700.101562,350.907135
6133.853353,121499.023438,350.716949
6133.8965,122362.710938,351.96109
6133.939648,121924.695312,351.279236
6133.982795,122702.609375,352.476318
6134.025942,120783.664062,349.807098
6134.069089,121036.054688,350.014069
6134.112237,119633.4375,348.166321
6134.155384,119711.65625,348.120331
6134.198531,120966.632812,349.83606
6134.241679,121735.226562,351.120758
6134.284826,121888.859375,351.299805
6134.327973,122366.726562,351.975372
6134.37112,122627.53125,352.264862
6134.414268,123126.210938,353.141724
6134.457415,122364.054688,351.916443
6134.500562,122139.71875,351.655975
6134.543709,122806.617188,352.542206
6134.586857,122827.390625,352.713989
6134.630004,121986.671875,351.510986
6134.673151,122607.820312,352.377777
6134.716298,122272.679688,351.809967
6134.759446,120765.335938,349.628632
6134.802593,121434.984375,350.643127
6134.84574,121325.898438,350.583893
6134.888887,122142.101562,351.524811
6134.932035,121368.570312,350.483917
6134.975182,122134.960938,351.660889
6135.018329,122463.34375,352.192902
6135.061476,122710.664062,352.3526
6135.104624,122352.5625,351.93396
6135.147771,122325.382812,351.940247
6135.190918,122368.773438,351.896423
6135.234065,122443.203125,352.046265
6135.277213,121853.273438,351.240784
6135.32036,122286.671875,351.907928
6135.363507,120671.882812,349.759705
6135.406655,121434.9375,350.528595
6135.449802,119984.398438,348.389252
6135.492949,119746.507812,348.21637
6135.536096,119007.382812,347.177856
6135.579244,120412.414062,349.29422
6135.622391,120346.03125,348.916229
6135.665538,121101.734375,350.078461
6135.708685,121559.90625,350.851471
6135.751833,121340.632812,350.512482
6135.79498,120561.507812,349.341522
6135.838127,118528.46875,346.435638
6135.881274,116695.554688,343.770355
6135.924422,116057.296875,342.943451
6135.967569,116052.898438,342.953247
6136.010716,117560.78125,344.984924
6136.053863,118910.132812,347.037048
6136.097011,120690.179688,349.56076
6136.140158,121303.148438,350.5354
6136.183305,121264.765625,350.413788
6136.226452,122427.5,352.119629
6136.2696,121750.625,351.109375
6136.312747,121935.6875,351.486359
6136.355894,122284.695312,351.751007
6136.399041,121505.164062,350.685516
6136.442189,121796.664062,351.100128
6136.485336,120722.695312,349.621857
6136.528483,119661.03125,348.057831
6136.571631,117180.492188,344.463654
6136.614778,110475.835938,334.701996
6136.657925,99724.679688,318.006836
6136.701072,84806.007812,294.029053
6136.74422,69857.03125,267.384552
6136.787367,62675.480469,253.666397
6136.830514,65928.335938,259.983032
6136.873661,79163.953125,284.391296
6136.916809,94215.4375,309.552826
6136.959956,105486.695312,327.244843
6137.003103,109406.59375,332.901794
6137.04625,107192.421875,329.770569
6137.089398,100197.6875,319.049805
6137.132545,91653.242188,305.325409
6137.175692,90118.6875,302.809174
6137.218839,94379.34375,309.781311
6137.261987,103485.039062,324.029449
6137.305134,111211.398438,335.865997
6137.348281,116302.382812,343.230133
6137.391428,117419.851562,344.962463
6137.434576,117952.289062,345.562927
6137.477723,118301.84375,346.06839
6137.52087,118763.0,346.749939
6137.564017,117564.335938,344.986786
6137.607165,116069.9375,342.831543
6137.650312,113098.882812,338.512299
6137.693459,107645.15625,330.331512
6137.736607,97786.6875,315.13443
6137.779754,84779.71875,293.907104
6137.822901,70136.726562,268.008972
6137.866048,63979.648438,256.315094
6137.909196,67643.390625,263.186127
6137.952343,81402.859375,288.147797
6137.99549,96010.773438,312.418854
6138.038637,108361.9375,331.481689
6138.081785,114402.046875,340.524658
6138.124932,118170.578125,345.98288
6138.168079,119166.171875,347.382996
6138.211226,121047.242188,349.988586
6138.254374,121197.476562,350.207855
6138.297521,120906.515625,349.978027
6138.340668,120433.15625,349.226227
6138.383815,119788.6875,348.360901
6138.426963,119013.414062,347.190063
6138.47011,119135.359375,347.301331
6138.513257,117375.4375,344.892303
6138.556404,115653.773438,342.515717
6138.599552,113541.351562,339.343231
6138.642699,111653.265625,336.582916
6138.685846,110781.242188,335.204041
6138.728993,111533.226562,336.382782
6138.772141,114018.664062,339.842865
6138.815288,116565.6875,343.702148
6138.858435,118225.460938,346.148071
6138.901583,119290.914062,347.568726
6138.94473,120360.710938,349.010254
6138.987877,120793.695312,349.505737
6139.031024,120603.695312,349.431824
6139.074172,120902.75,349.86026
6139.117319,121887.664062,351.292389
6139.160466,121626.304688,350.902313
6139.203613,121523.359375,350.737244
6139.246761,121341.609375,350.520233
6139.289908,121649.265625,350.948029
6139.333055,120961.796875,349.988037
6139.376202,121598.09375,350.897736
6139.41935,121560.53125,350.796814
6139.462497,122115.554688,351.494995
6139.505644,121575.453125,350.791779
6139.548791,121641.835938,351.041351
6139.591939,121520.03125,350.672241
6139.635086,122452.109375,352.137024
6139.678233,120520.78125,349.422119
6139.72138,120334.757812,349.083221
6139.764528,119975.546875,348.545166
6139.807675,120463.03125,349.321777
6139.850822,120143.171875,348.77359
6139.893969,120671.28125,349.552948
6139.937117,120670.125,349.484222
6139.980264,120786.585938,349.810944
6140.023411,120159.023438,348.933472
6140.066559,121175.53125,350.366241
6140.109706,121344.796875,350.535461
6140.152853,121727.820312,351.014435
6140.196,121723.757812,351.010712
6140.239148,122216.03125,351.696808
6140.282295,121674.179688,350.973633
6140.325442,121681.710938,350.934174
6140.368589,121018.351562,350.048492
6140.411737,121290.5625,350.435089
6140.454884,120726.65625,349.679047
6140.498031,120363.203125,349.142334
6140.541178,121068.90625,350.097198
6140.584326,121403.617188,350.603821
6140.627473,122057.789062,351.54538
6140.67062,122122.390625,351.52771
6140.713767,121116.75,350.18576
6140.756915,122180.804688,351.592163
6140.800062,122044.570312,351.454407
6140.843209,121429.4375,350.668945
6140.886356,121548.53125,350.834351
6140.929504,121899.476562,351.318787
6140.972651,121701.53125,350.934052
6141.015798,121591.570312,350.865936
6141.058945,121345.054688,350.460052
6141.102093,120581.625,349.435883
6141.14524,120841.617188,349.869843
6141.188387,120233.390625,348.794708
6141.231535,120023.046875,348.557861
6141.274682,120533.9375,349.37085
6141.317829,120951.34375,349.9151
6141.360976,121094.6875,350.045471
6141.404124,121179.664062,350.212769
6141.447271,120923.328125,349.971313
6141.490418,121172.4375,350.187683
6141.533565,120847.234375,349.830414
6141.576713,120717.921875,349.611237
6141.61986,119627.398438,347.949677
6141.663007,116863.109375,343.881592
6141.706154,112007.132812,336.96701
6141.749302,102750.734375,322.999695
6141.792449,88053.859375,299.358154
6141.835596,70977.539062,269.563934
6141.878743,59292.601562,247.08902
6141.921891,60579.921875,249.507187
6141.965038,72530.515625,272.477722
6142.008185,89655.585938,302.146606
6142.051332,104028.179688,324.965332
6142.09448,111755.515625,336.484222
6142.137627,115487.125,342.152222
6142.180774,117973.609375,345.680878
6142.223921,118396.34375,346.124176
6142.267069,119134.976562,347.407593
6142.310216,119910.726562,348.204651
6142.353363,119524.085938,347.920105
6142.396511,120123.492188,348.834961
6142.439658,118557.796875,346.497955
6142.482805,117755.632812,345.35733
6142.525952,115238.359375,341.509949
6142.5691,110681.90625,334.867523
6142.612247,106516.945312,328.695526
6142.655394,103817.4375,324.611725
6142.698541,105115.570312,326.709137
6142.741689,108921.242188,332.379059
6142.784836,113729.898438,339.402283
6142.827983,117084.882812,344.300629
6142.87113,119100.726562,347.292725
6142.914278,120911.484375,349.815857
6142.957425,120474.625,349.276031
6143.000572,121066.25,349.996429
6143.043719,120375.359375,349.049927
6143.086867,121550.664062,350.85614
6143.130014,121510.8125,350.67981
6143.173161,121134.0,350.161224
6143.216308,119793.21875,348.33844
6143.259456,119417.539062,347.855774
6143.302603,119864.3125,348.472229
6143.34575,120176.320312,348.845856
6143.388897,119547.976562,347.887756
6143.432045,119791.109375,348.293579
6143.475192,119759.0,348.268677
6143.518339,120486.320312,349.236115
6143.561487,119994.273438,348.542084
6143.604634,120962.351562,349.931915
6143.647781,120760.335938,349.543396
6143.690928,120426.78125,349.256226
6143.734076,120013.726562,348.644897
6143.777223,120612.445312,349.38266
6143.82037,121001.5625,350.048279
6143.863517,120569.398438,349.621338
6143.906665,120733.929688,349.600983
6143.949812,119759.8125,348.166473
6143.992959,120774.820312,349.775085
6144.036106,119873.117188,348.460693
6144.079254,120859.125,349.72049
6144.122401,120683.140625,349.504303
6144.165548,120378.429688,349.081268
6144.208695,120756.421875,349.812347
6144.251843,119703.8125,348.01828
6144.29499,120644.835938,349.48526
6144.338137,120009.5625,348.488953
6144.381284,120244.585938,348.936584
6144.424432,120577.710938,349.318176
6144.467579,120045.539062,348.664215
6144.510726,120190.6875,348.830353
6144.553873,120239.585938,348.90686
6144.597021,120120.195312,348.702484
6144.640168,120640.179688,349.461731
6144.683315,120797.125,349.73941
6144.726462,120416.546875,349.144531
6144.76961,120196.960938,348.696747
6144.812757,120124.296875,348.740448
6144.855904,119968.03125,348.677246
6144.899052,119963.304688,348.455292
6144.942199,118720.304688,346.815857
6144.985346,118028.125,345.730072
6145.028493,116723.679688,343.815613
6145.071641,112343.765625,337.523376
6145.114788,107277.46875,329.691193
6145.157935,102306.03125,322.116943
6145.201082,101359.320312,320.778351
6145.24423,103420.835938,324.014923
6145.287377,108398.765625,331.779663
6145.330524,113686.351562,339.390686
6145.373671,116234.875,343.090485
6145.416819,118405.507812,346.204529
6145.459966,118979.992188,346.947693
6145.503113,119105.804688,347.2565
6145.54626,119257.65625,347.395294
6145.589408,119123.109375,347.322418
6145.632555,118922.65625,347.066895
6145.675702,118256.171875,346.128754
6145.718849,119104.921875,347.424316
6145.761997,119103.945312,347.226135
6145.805144,119588.390625,348.008911
6145.848291,119432.171875,347.749756
6145.891438,120037.960938,348.500183
6145.934586,120083.148438,348.619415
6145.977733,119092.054688,347.243988
6146.02088,119612.304688,347.982391
6146.064028,119566.398438,348.106812
6146.107175,120861.859375,349.841492
6146.150322,119405.359375,347.754883
6146.193469,120296.289062,348.912048
6146.236617,119704.984375,348.194183
6146.279764,119628.523438,348.117615
6146.322911,119043.523438,347.358887
6146.366058,118894.679688,346.903839
6146.409206,118517.789062,346.491455
6146.452353,119213.8125,347.406555
6146.4955,118584.46875,346.628387
6146.538647,119090.71875,347.125519
6146.581795,118586.96875,346.567535
6146.624942,119212.789062,347.447418
6146.668089,119502.992188,347.817719
6146.711236,119790.375,348.186249
6146.754384,118609.078125,346.584839
6146.797531,119862.765625,348.390106
6146.840678,118844.828125,346.923401
6146.883825,119552.9375,347.888214
6146.926973,119160.515625,347.365326
6146.97012,119478.640625,347.64328
6147.013267,118950.859375,347.09967
6147.056414,118609.09375,346.639069
6147.099562,118797.679688,346.744202
6147.142709,119153.453125,347.325104
6147.185856,119294.539062,347.460541
6147.229004,118794.414062,346.820404
6147.272151,118584.796875,346.366119
6147.315298,117393.84375,344.687653
6147.358445,117704.195312,345.250793
6147.401593,118415.179688,346.312073
6147.44474,119272.617188,347.458038
6147.487887,118829.90625,346.861664
6147.531034,118489.117188,346.347748
6147.574182,119095.359375,347.333252
6147.617329,118720.34375,346.63028
6147.660476,118144.320312,345.875275
6147.703623,117536.945312,344.933258
6147.746771,114422.585938,340.430023
6147.789918,108656.226562,331.91391
6147.833065,99991.75,318.670685
6147.876212,90100.882812,302.918304
6147.91936,83725.210938,292.164703
6147.962507,83031.492188,290.852844
6148.005654,88576.507812,300.25827
6148.048801,96571.929688,313.241577
6148.091949,104645.242188,325.872589
6148.135096,111818.632812,336.64444
6148.178243,116120.78125,342.922516
6148.22139,117921.15625,345.4534
6148.264538,118125.882812,345.851746
6148.307685,118419.695312,346.254852
6148.350832,118280.742188,345.977142
6148.39398,118693.023438,346.679138
6148.437127,118876.625,346.692963
6148.480274,118021.585938,345.724609
6148.523421,119282.3125,347.417114
6148.566569,118344.09375,346.160553
6148.609716,118626.578125,346.549194
6148.652863,118648.265625,346.714081
6148.69601,118028.140625,345.530212
6148.739158,118207.867188,346.099365
6148.782305,117424.34375,344.763885
6148.825452,117752.351562,345.232697
6148.868599,116929.945312,344.124329
6148.911747,117735.195312,345.212708
6148.954894,117408.421875,344.738525
6148.998041,117238.046875,344.567719
6149.041188,117232.226562,344.425812
6149.084336,117407.546875,344.772247
6149.127483,117936.898438,345.609497
6149.17063,116889.390625,344.110352
6149.213777,117029.265625,344.153687
6149.256925,113459.546875,339.031128
6149.300072,107535.914062,330.103333
6149.343219,100149.945312,318.84671
6149.386366,93311.351562,307.981812
6149.429514,90969.773438,304.120087
6149.472661,95557.015625,311.71698
6149.515808,103334.875,323.843384
6149.558956,109809.21875,333.706207
6149.602103,114024.671875,339.834137
6149.64525,116709.101562,343.844788
6149.688397,117796.75,345.318054
6149.731545,117351.078125,344.785339
6149.774692,117774.648438,345.370453
6149.817839,117620.859375,344.984955
6149.860986,117667.757812,345.105927
6149.904134,116782.8125,343.94281
6149.947281,117435.203125,344.815338
6149.990428,117401.429688,344.663605
6150.033575,117373.054688,344.689941
6150.076723,117223.695312,344.465424
6150.11987,117026.820312,344.319794
6150.163017,116107.859375,343.061554
6150.206164,114837.6875,341.189911
6150.249312,112724.921875,337.953033
6150.292459,113642.101562,339.360931
6150.335606,113219.0625,338.783936
6150.378753,114084.296875,339.841156
6150.421901,115355.898438,341.854828
6150.465048,116445.453125,343.319122
6150.508195,116528.664062,343.605927
6150.551342,117210.421875,344.581207
6150.59449,117150.890625,344.317505
6150.637637,117198.898438,344.530426
6150.680784,117264.71875,344.609192
6150.723932,117725.21875,345.224304
6150.767079,116920.0,344.04361
6150.810226,117768.054688,345.246338
6150.853373,117300.742188,344.552887
6150.896521,116813.703125,343.97522
6150.939668,116954.984375,344.132996
6150.982815,116655.429688,343.649017
6151.025962,117618.03125,345.172424
6151.06911,116845.898438,344.01593
6151.112257,117023.265625,344.380524
6151.155404,117479.226562,345.027466
6151.198551,117639.53125,345.103912
6151.241699,116722.304688,343.80603
6151.284846,116243.421875,343.176819
6151.327993,117488.585938,344.864624
6151.37114,116934.84375,344.13327
6151.414288,117129.03125,344.351044
6151.457435,117197.070312,344.294525
6151.500582,116547.5625,343.548828
6151.543729,117045.851562,344.299377
6151.586877,115975.585938,342.742981
6151.630024,113570.429688,339.321777
6151.673171,109420.90625,332.984314
6151.716318,103980.460938,324.660767
6151.759466,98203.304688,315.746948
6151.802613,95827.695312,312.006592
6151.84576,99379.71875,317.604797
6151.888908,105940.335938,327.77948
6151.932055,110796.65625,335.156799
6151.975202,114153.695312,339.979095
6152.018349,115479.03125,341.99118
6152.061497,115332.109375,341.763245
6152.104644,116370.851562,343.320648
6152.147791,116794.648438,343.958801
6152.190938,115995.335938,342.723694
6152.234086,116186.695312,342.969452
6152.277233,116223.890625,343.168457
6152.32038,115535.945312,342.065002
6152.363527,115335.15625,341.736969
6152.406675,115041.382812,341.415192
6152.449822,114338.132812,340.385529
6152.492969,114518.929688,340.519958
6152.536116,114619.992188,340.587555
6152.579264,115080.210938,341.074768
6152.622411,115598.640625,342.055481
6152.665558,115372.492188,341.738251
6152.708705,116069.195312,342.738342
6152.751853,115371.8125,341.76712
6152.795,115552.289062,342.032532
6152.838147,114495.421875,340.478973
6152.881294,115463.71875,341.972137
6152.924442,115045.53125,341.463196
6152.967589,114649.28125,340.729584
6153.010736,115131.960938,341.603699
6153.053884,115267.15625,341.550171
6153.097031,116218.648438,343.118835
6153.140178,115944.09375,342.797058
6153.183325,115339.671875,341.750366
6153.226473,115182.898438,341.454407
6153.26962,116341.101562,343.195648
6153.312767,115454.960938,341.942078
6153.355914,115394.195312,341.726501
6153.399062,115716.210938,342.353485
6153.442209,115581.8125,342.092285
6153.485356,114914.664062,341.167023
6153.528503,114702.554688,340.743164
6153.571651,114761.820312,340.846924
6153.614798,115133.84375,341.458496
6153.657945,115908.890625,342.591248
6153.701092,115497.210938,341.959686
6153.74424,114838.789062,341.142181
6153.787387,114987.039062,341.242401
6153.830534,115829.875,342.320068
6153.873681,115599.335938,342.160126
6153.916829,114956.554688,341.061981
6153.959976,115845.453125,342.479156
6154.003123,115488.125,341.930695
6154.04627,114496.539062,340.310669
6154.089418,115170.054688,341.571411
6154.132565,114662.726562,340.730743
6154.175712,114026.335938,339.751068
6154.21886,112844.210938,338.151978
6154.262007,110198.0,333.967194
6154.305154,106580.570312,328.695129
6154.348301,102285.523438,322.130585
6154.391449,100037.960938,318.737915
6154.434596,100466.289062,319.152863
6154.477743,103517.257812,324.108917
6154.52089,107812.65625,330.543579
6154.564038,110351.367188,334.246399
6154.607185,112789.101562,337.890869
6154.650332,112489.84375,337.641357
6154.693479,113629.328125,339.266602
6154.736627,113089.601562,338.367065
6154.779774,113589.359375,339.184845
6154.822921,113225.867188,338.704956
6154.866068,113101.671875,338.482056
6154.909216,112732.25,337.87677
6154.952363,112724.945312,337.900452
6154.99551,112320.898438,337.326263
6155.038657,111788.546875,336.535553
6155.081805,110164.640625,334.073364
6155.124952,107042.507812,329.393219
6155.168099,101389.351562,320.632202
6155.211246,92789.882812,307.026062
6155.254394,83612.289062,291.829163
6155.297541,78031.171875,282.183105
6155.340688,78365.648438,282.635345
6155.383836,84258.484375,292.737946
6155.426983,92073.1875,305.926575
6155.47013,99444.304688,317.630737
6155.513277,104750.140625,325.854248
6155.556425,108084.960938,330.941467
6155.599572,110162.546875,334.234863
6155.642719,111546.65625,336.092896
6155.685866,111430.34375,336.062897
6155.729014,111867.78125,336.439941
6155.772161,110088.78125,334.413849
6155.815308,110233.101562,334.49588
6155.858455,109931.390625,333.648895
6155.901603,109289.734375,332.769745
6155.94475,110526.21875,334.512817
6155.987897,111323.96875,335.781647
6156.031044,110861.992188,335.014893
6156.074192,109735.789062,333.41745
6156.117339,109070.789062,332.468872
6156.160486,107771.109375,330.411774
6156.203633,108245.46875,331.317505
6156.246781,109469.484375,332.956909
6156.289928,109868.132812,333.624268
6156.333075,110542.539062,334.613373
6156.376222,110703.601562,334.812286
6156.41937,111036.953125,335.310211
6156.462517,110314.734375,334.307861
6156.505664,110478.257812,334.444031
6156.548812,111341.71875,335.788818
6156.591959,112159.023438,336.93811
6156.635106,112048.085938,336.822723
6156.678253,111812.039062,336.47345
6156.721401,112122.546875,336.869904
6156.764548,111471.15625,335.999268
6156.807695,110475.460938,334.603394
6156.850842,110215.96875,334.182434
6156.89399,109312.65625,332.789581
6156.937137,108454.015625,331.537537
6156.980284,108244.828125,331.140991
6157.023431,108291.257812,331.307251
6157.066579,110202.960938,334.065155
6157.109726,110680.40625,334.832428
6157.152873,111147.890625,335.534698
6157.19602,111420.945312,335.932617
6157.239168,110799.84375,335.105469
6157.282315,111559.632812,336.111603
6157.325462,109703.695312,333.398224
6157.368609,110840.6875,335.02063
6157.411757,109868.351562,333.545074
6157.454904,110548.632812,334.676636
6157.498051,109675.632812,333.238495
6157.541198,110634.4375,334.718994
6157.584346,110067.765625,333.907501
6157.627493,110706.601562,334.834595
6157.67064,110444.765625,334.375092
6157.713788,108079.984375,330.854279
6157.756935,104072.226562,324.787231
6157.800082,97693.140625,314.826447
6157.843229,89267.359375,301.201813
6157.886377,83263.75,291.071106
6157.929524,83755.1875,291.951172
6157.972671,90002.320312,302.386078
6158.015818,98422.96875,315.893127
6158.058966,104150.898438,324.888916
6158.102113,107562.445312,330.14566
6158.14526,108580.601562,331.678864
6158.188407,109484.125,333.099304
6158.231555,108425.820312,331.374786
6158.274702,108432.734375,331.485321
6158.317849,107566.445312,330.256622
6158.360996,106632.804688,328.748352
6158.404144,107398.796875,329.928894
6158.447291,108710.726562,331.869415
6158.490438,108919.195312,332.040192
6158.533585,109650.140625,333.264404
6158.576733,109879.125,333.611908
6158.61988,110109.695312,333.972534
6158.663027,109416.515625,332.80777
6158.706174,110431.203125,334.527863
6158.749322,109367.234375,332.729706
6158.792469,110306.1875,334.203522
6158.835616,109877.585938,333.591919
6158.878763,109395.585938,332.987518
6158.921911,109657.710938,333.278961
6158.965058,110032.5,333.80307
6159.008205,110090.492188,334.055969
6159.051353,110046.539062,333.834778
6159.0945,109885.390625,333.537628
6159.137647,109747.609375,333.289307
6159.180794,110079.460938,333.872498
6159.223942,109400.117188,332.871368
6159.267089,109820.304688,333.492584
6159.310236,109979.664062,333.611176
6159.353383,109077.6875,332.264313
6159.396531,109735.632812,333.468384
6159.439678,107541.453125,330.034088
6159.482825,106142.28125,327.83905
6159.525972,105127.523438,326.361786
6159.56912,104688.03125,325.748566
6159.612267,106170.476562,327.889404
6159.655414,107481.03125,330.043549
6159.698561,109005.273438,332.133698
6159.741709,109604.710938,333.208069
6159.784856,109575.773438,333.035614
6159.828003,109704.835938,333.260132
6159.87115,110109.054688,333.884064
6159.914298,109322.273438,332.631104
6159.957445,109527.398438,333.002747
6160.000592,109495.945312,333.02536
6160.043739,109171.0625,332.504578
6160.086887,109482.671875,333.143097
6160.130034,109454.664062,332.897095
6160.173181,109234.398438,332.602295
6160.216329,109151.367188,332.404755
6160.259476,109068.945312,332.379669
6160.302623,108466.976562,331.535614
6160.34577,108158.210938,331.035278
6160.388918,108040.695312,330.792328
6160.432065,107574.242188,330.036285
6160.475212,107498.140625,329.9935
6160.518359,107451.382812,330.031128
6160.561507,107503.40625,329.919952
6160.604654,106937.109375,329.09671
6160.647801,107511.195312,330.072845
6160.690948,106979.945312,329.293549
6160.734096,105432.273438,326.861908
6160.777243,101680.59375,321.02829
6160.82039,96667.625,312.958527
6160.863537,90461.484375,303.140778
6160.906685,86227.679688,296.259613
6160.949832,86707.492188,296.890747
6160.992979,91316.476562,304.464478
6161.036126,97245.953125,314.048462
6161.079274,101816.28125,321.384888
6161.122421,105576.070312,327.138794
6161.165568,106084.960938,327.692749
6161.208715,105780.023438,327.478546
6161.251863,104897.90625,325.935303
6161.29501,102094.632812,321.689575
6161.338157,97493.9375,314.472565
6161.381305,91251.382812,304.529602
6161.424452,84562.273438,293.19574
6161.467599,81277.609375,287.64975
6161.510746,84583.007812,293.459961
6161.553894,91144.179688,304.276367
6161.597041,98015.007812,315.319946
6161.640188,102650.609375,322.488464
6161.683335,105652.773438,327.177032
6161.726483,105787.804688,327.340363
6161.76963,105743.664062,327.196625
6161.812777,105757.898438,327.330444
6161.855924,104760.554688,325.838837
6161.899072,104629.8125,325.54837
6161.942219,103818.265625,324.446045
6161.985366,102780.554688,322.591705
6162.028513,101439.445312,320.77066
6162.071661,100094.15625,318.439575
6162.114808,94983.09375,310.597046
6162.157955,88304.632812,299.527405
6162.201102,78182.179688,282.255066
6162.24425,64926.269531,257.74649
6162.287397,50560.167969,228.303177
6162.330544,41291.640625,206.940063
6162.373691,41386.980469,207.380936
6162.416839,50930.664062,229.098785
6162.459986,64600.554688,257.095428
6162.503133,77562.976562,281.142883
6162.546281,87488.695312,298.145599
6162.589428,94365.90625,309.433014
6162.632575,97318.601562,314.252136
6162.675722,100344.515625,318.811646
6162.71887,100738.023438,319.452454
6162.762017,102230.671875,321.93042
6162.805164,103072.328125,323.138885
6162.848311,104053.351562,324.696075
6162.891459,103660.03125,323.952209
6162.934606,104453.210938,325.314148
6162.977753,104074.46875,324.7742
6163.0209,104999.992188,325.983856
6163.064048,104127.476562,324.624573
6163.107195,105026.757812,326.182159
6163.150342,105135.796875,326.32431
6163.193489,105333.226562,326.795105
6163.236637,105192.15625,326.3302
6163.279784,105462.382812,326.88678
6163.322931,104773.625,325.850189
6163.366078,104084.859375,324.616913
6163.409226,103160.265625,323.262146
6163.452373,100540.4375,319.175842
6163.49552,96555.132812,312.951782
6163.538667,91087.6875,304.141052
6163.581815,85755.21875,295.268738
6163.624962,83359.492188,291.210693
6163.668109,83104.5,290.70517
6163.711257,85771.71875,295.12561
6163.754404,87739.78125,298.510864
6163.797551,87777.859375,298.50708
6163.840698,84439.804688,292.83255
6163.883846,80674.609375,286.637726
6163.926993,78939.609375,283.44165
6163.97014,82332.8125,289.39212
6164.013287,89162.695312,300.99646
6164.056435,95897.734375,311.95462
6164.099582,100438.820312,319.139709
6164.142729,103340.609375,323.555054
6164.185876,103790.296875,324.347992
6164.229024,103992.796875,324.70694
6164.272171,104075.5,324.770721
6164.315318,103784.921875,324.13269
6164.358465,103995.085938,324.464844
6164.401613,103916.28125,324.523682
6164.44476,104189.929688,324.891541
6164.487907,104063.273438,324.73941
6164.531054,104011.242188,324.623291
6164.574202,103585.46875,323.968384
6164.617349,103217.414062,323.449249
6164.660496,103103.140625,323.022797
6164.703643,103253.4375,323.4263
6164.746791,102906.320312,323.017578
6164.789938,103582.90625,323.890015
6164.833085,102908.679688,322.968079
6164.876233,103782.265625,324.058746
6164.91938,103057.203125,323.186127
6164.962527,103223.085938,323.361267
6165.005674,103972.210938,324.598541
6165.048822,103787.492188,324.241455
6165.091969,103701.625,324.143921
6165.135116,102990.953125,323.030121
6165.178263,103174.625,323.324188
6165.221411,103252.179688,323.448395
6165.264558,102974.101562,322.97406
6165.307705,101954.273438,321.250793
6165.350852,100611.140625,319.333344
6165.394,98611.257812,316.122314
6165.437147,93464.210938,307.843079
6165.480294,87634.132812,298.432709
6165.523441,84216.9375,292.510284
6165.566589,84511.054688,293.133301
6165.609736,90010.4375,302.315216
6165.652883,95110.351562,310.544861
6165.69603,98978.367188,316.68045
6165.739178,100950.898438,319.936493
6165.782325,101301.984375,320.314423
6165.825472,102192.828125,321.886475
6165.868619,101575.367188,320.710632
6165.911767,102355.265625,322.067719
6165.954914,102050.601562,321.431122
6165.998061,101566.648438,320.706909
6166.041209,100950.75,319.737457
6166.084356,101748.25,321.044708
6166.127503,101311.054688,320.424591
6166.17065,102002.304688,321.399078
6166.213798,101741.554688,321.024048
6166.256945,101282.414062,320.483978
6166.300092,101551.054688,320.780457
6166.343239,101994.4375,321.437958
6166.386387,100835.859375,319.596069
6166.429534,98239.773438,315.519806
6166.472681,94326.515625,309.377472
6166.515828,85934.226562,295.489807
6166.558976,78344.671875,282.213104
6166.602123,74102.015625,274.756256
6166.64527,75250.0625,276.768738
6166.688417,82564.59375,289.780457
6166.731565,90468.640625,303.096527
6166.774712,95837.71875,311.815247
6166.817859,98537.3125,316.037628
6166.861006,100407.953125,319.015961
6166.904154,100530.609375,319.063904
6166.947301,100298.265625,318.835114
6166.990448,100845.195312,319.715576
6167.033595,100915.570312,319.648163
6167.076743,100528.25,319.10437
6167.11989,100831.195312,319.684082
6167.163037,101280.195312,320.205414
6167.206185,100772.546875,319.53949
6167.249332,100485.078125,318.995239
6167.292479,100526.570312,319.092102
6167.335626,101073.101562,319.89212
6167.378774,100682.21875,319.381927
6167.421921,100402.859375,318.934296
6167.465068,100667.554688,319.445007
6167.508215,100691.273438,319.256897
6167.551363,100105.351562,318.40155
6167.59451,100857.242188,319.460419
6167.637657,100018.46875,318.519073
6167.680804,100777.875,319.472961
6167.723952,100136.398438,318.586853
6167.767099,100527.46875,319.240143
6167.810246,100005.789062,318.31955
6167.853393,100578.414062,319.03775
6167.896541,99575.046875,317.648499
6167.939688,98716.015625,316.310669
6167.982835,99278.515625,317.346863
6168.025982,99463.632812,317.363922
6168.06913,98759.96875,316.419708
6168.112277,98805.3125,316.531921
6168.155424,99243.632812,317.018616
6168.198571,99582.40625,317.681946
6168.241719,99242.664062,316.902618
6168.284866,99203.671875,317.005829
6168.328013,99763.515625,317.862152
6168.371161,98568.273438,316.035797
6168.414308,99140.515625,316.88269
6168.457455,99347.398438,317.35611
6168.500602,98711.296875,316.020599
6168.54375,98404.570312,315.824646
6168.586897,98470.539062,315.726898
6168.630044,98452.445312,315.884827
6168.673191,98935.242188,316.529266
6168.716339,98404.914062,315.719299
6168.759486,98626.328125,316.182709
6168.802633,98804.8125,316.367401
6168.84578,98742.984375,316.251801
6168.888928,98405.96875,315.711578
6168.932075,97497.539062,314.444672
6168.975222,96890.859375,313.387054
6169.018369,94282.929688,309.108643
6169.061517,89968.257812,302.007324
6169.104664,81593.71875,288.005615
6169.147811,71251.132812,269.45282
6169.190958,63659.496094,255.168137
6169.234106,63411.582031,254.614944
6169.277253,70087.78125,267.349152
6169.3204,80008.179688,285.265564
6169.363547,87830.585938,298.547729
6169.406695,92686.421875,306.643097
6169.449842,94119.414062,308.94281
6169.492989,94426.460938,309.240723
6169.536137,92324.273438,305.862549
6169.579284,85968.460938,295.384338
6169.622431,76961.421875,279.894958
6169.665578,66161.53125,259.993927
6169.708726,57908.0,243.449982
6169.751873,56356.046875,240.453964
6169.79502,63552.039062,254.932083
6169.838167,74303.84375,275.051758
6169.881315,83922.546875,291.98111
6169.924462,90801.765625,303.439941
6169.967609,93362.140625,307.561096
6170.010756,95171.023438,310.628571
6170.053904,94209.492188,309.087402
6170.097051,95020.320312,310.269104
6170.140198,94160.421875,308.995148
6170.183345,94969.898438,310.144012
6170.226493,94647.226562,309.609619
6170.26964,95864.382812,311.755188
6170.312787,95070.132812,310.366577
6170.355934,95671.242188,311.297729
6170.399082,95289.367188,310.753052
6170.442229,94702.234375,309.547729
6170.485376,93146.117188,307.207703
6170.528523,89276.703125,300.938934
6170.571671,82808.765625,290.015076
6170.614818,75013.96875,276.445129
6170.657965,67994.914062,263.368195
6170.701113,66858.171875,261.337708
6170.74426,71427.226562,269.612823
6170.787407,79074.898438,283.433044
6170.830554,85782.914062,294.8396
6170.873702,90868.0625,303.466888
6170.916849,92925.257812,307.008209
6170.959996,94200.734375,308.812225
6171.003143,94050.171875,308.721497
6171.046291,94036.898438,308.688049
6171.089438,94587.960938,309.400055
6171.132585,93141.734375,307.301605
6171.175732,94306.367188,308.996521
6171.21888,94484.570312,309.492523
6171.262027,94624.242188,309.669312
6171.305174,94290.859375,309.244293
6171.348321,95276.789062,310.7771
6171.391469,95264.148438,310.752045
6171.434616,94788.078125,309.97821
6171.477763,95926.992188,311.753448
6171.52091,95189.085938,310.546326
6171.564058,95138.609375,310.390839
6171.607205,94718.53125,309.748138
6171.650352,94994.445312,310.276642
6171.693499,95043.101562,310.319977
6171.736647,95261.148438,310.857483
6171.779794,94814.164062,310.073853
6171.822941,94793.023438,309.829254
6171.866089,95073.0,310.277069
6171.909236,94251.140625,309.115417
6171.952383,94919.453125,309.925262
6171.99553,94136.09375,308.899261
6172.038678,94722.085938,309.730774
6172.081825,93814.820312,308.236023
6172.124972,93930.210938,308.500549
6172.168119,93617.8125,308.054932
6172.211267,93808.265625,308.232208
6172.254414,93176.078125,307.407043
6172.297561,93787.234375,308.285828
6172.340708,93553.21875,307.91568
6172.383856,94272.828125,308.997955
6172.427003,93436.671875,307.597656
6172.47015,93513.0,307.917175
6172.513297,93743.671875,308.283173
6172.556445,93895.734375,308.520203
6172.599592,93613.351562,308.052521
6172.642739,93324.6875,307.621613
6172.685886,93606.828125,307.948303
6172.729034,93042.703125,307.070496
6172.772181,93191.710938,307.21701
6172.815328,92563.007812,306.168884
6172.858475,92310.710938,305.895233
6172.901623,92855.5625,306.702759
6172.94477,92617.5,306.436737
6172.987917,92554.585938,306.309296
6173.031065,93277.132812,307.326508
6173.074212,92927.960938,306.893127
6173.117359,92910.203125,306.802185
6173.160506,92588.703125,306.290985
6173.203654,92153.804688,305.673706
6173.246801,92131.234375,305.50119
6173.289948,91310.53125,304.251984
6173.333095,89622.984375,301.465179
6173.376243,84773.539062,293.286041
6173.41939,78797.78125,282.847961
6173.462537,71681.304688,270.143799
6173.505684,66826.976562,261.171631
6173.548832,69402.882812,265.90094
6173.591979,75764.085938,277.604553
6173.635126,82005.765625,288.524323
6173.678273,87155.90625,297.348297
6173.721421,89390.796875,301.151123
6173.764568,89959.8125,301.963074
6173.807715,91694.507812,304.805176
6173.850862,91108.914062,303.87265
6173.89401,91005.070312,303.769592
6173.937157,91211.210938,304.134125
6173.980304,92032.164062,305.177887
6174.023451,91330.609375,304.164429
6174.066599,91227.4375,304.157654
6174.109746,91289.984375,304.051941
6174.152893,91346.546875,304.250946
6174.19604,91279.109375,304.042297
6174.239188,91481.015625,304.428833
6174.282335,91254.75,304.125336
6174.325482,91488.8125,304.590302
6174.36863,91282.414062,304.097717
6174.411777,91698.351562,304.88623
6174.454924,90578.210938,303.061584
6174.498071,90860.492188,303.427155
6174.541219,90877.898438,303.475616
6174.584366,90251.234375,302.493164
6174.627513,90606.09375,303.000977
6174.67066,90371.148438,302.747101
6174.713808,90249.710938,302.532654
6174.756955,90195.203125,302.376892
6174.800102,90598.320312,303.024323
6174.843249,90242.148438,302.30191
6174.886397,89843.390625,301.767975
6174.929544,90214.210938,302.389862
6174.972691,90625.375,303.182678
6175.015838,90239.085938,302.353394
6175.058986,89886.03125,301.702301
6175.102133,89293.992188,300.844299
6175.14528,88701.132812,299.830994
6175.188427,88931.164062,300.327667
6175.231575,88121.796875,298.833923
6175.274722,86651.984375,296.450043
6175.317869,86309.617188,295.852234
6175.361016,84727.9375,293.233154
6175.404164,83199.492188,290.609833
6175.447311,78994.328125,283.186218
6175.490458,74632.359375,275.502777
6175.533606,70921.90625,268.875519
6175.576753,72664.578125,271.984222
6175.6199,77329.976562,280.437836
6175.663047,82282.34375,288.989349
6175.706195,85468.992188,294.397736
6175.749342,87597.0625,297.981873
6175.792489,88354.992188,299.288971
6175.835636,87570.210938,298.127716
6175.878784,87957.09375,298.674927
6175.921931,87930.742188,298.572754
6175.965078,87068.578125,297.042328
6176.008225,87314.351562,297.605804
6176.051373,87740.789062,298.106323
6176.09452,87681.476562,298.129974
6176.137667,88137.4375,298.872406
6176.180814,88235.203125,299.09967
6176.223962,88084.273438,298.675049
6176.267109,88075.3125,298.797577
6176.310256,88439.429688,299.418945
6176.353403,88341.429688,299.095917
6176.396551,88028.929688,298.641327
6176.439698,88459.492188,299.461365
6176.482845,88371.742188,299.342041
6176.525992,88283.476562,299.071716
6176.56914,87796.171875,298.352173
6176.612287,87851.007812,298.359711
6176.655434,87488.640625,297.750366
6176.698582,87450.96875,297.681213
6176.741729,87067.632812,297.060852
6176.784876,85681.742188,294.682617
6176.828023,83130.179688,290.360962
6176.871171,78194.851562,281.730438
6176.914318,71277.867188,269.28183
6176.957465,66296.601562,259.895081
6177.000612,65275.332031,257.902405
6177.04376,68729.328125,264.522491
6177.086907,74184.015625,274.60791
6177.130054,80325.671875,285.393402
6177.173201,83995.046875,291.743652
6177.216349,85158.804688,293.704346
6177.259496,85019.375,293.62561
6177.302643,84767.015625,293.058228
6177.34579,84715.351562,293.118805
6177.388938,83422.460938,291.000702
6177.432085,82922.585938,290.041504
6177.475232,83167.6875,290.482849
6177.518379,84165.34375,292.173615
6177.561527,84917.859375,293.490051
6177.604674,84975.828125,293.415894
6177.647821,85070.867188,293.679382
6177.690968,85108.773438,293.737762
6177.734116,85192.039062,293.859985
6177.777263,86036.890625,295.287048
6177.82041,85706.359375,294.810974
6177.863558,85759.953125,294.84845
6177.906705,86030.007812,295.381744
6177.949852,86382.03125,295.861115
6177.992999,85533.078125,294.464325
6178.036147,85425.914062,294.235352
6178.079294,85635.359375,294.573547
6178.122441,85202.117188,293.777161
6178.165588,85275.1875,293.888977
6178.208736,84888.773438,293.39679
6178.251883,85284.039062,293.988922
6178.29503,85607.617188,294.595612
6178.338177,85348.070312,294.140137
6178.381325,85257.09375,294.000122
6178.424472,84246.734375,292.242065
6178.467619,84195.929688,292.089447
6178.510766,84422.554688,292.493958
6178.553914,84488.5625,292.654175
6178.597061,84213.601562,292.16217
6178.640208,83680.640625,291.194489
6178.683355,83962.4375,291.633575
6178.726503,83861.632812,291.606262
6178.76965,84293.40625,292.391266
6178.812797,83807.515625,291.659119
6178.855944,84304.203125,292.405731
6178.899092,83694.570312,291.300354
6178.942239,84109.734375,292.062836
6178.985386,84009.429688,291.90448
6179.028534,84179.773438,292.249023
6179.071681,84229.6875,292.140533
6179.114828,83753.898438,291.345581
6179.157975,83706.929688,291.308075
6179.201123,83203.132812,290.390869
6179.24427,83115.898438,290.280457
6179.287417,83114.0625,290.25296
6179.330564,82884.25,289.830505
6179.373712,83143.898438,290.39502
6179.416859,82951.84375,290.025085
6179.460006,83057.625,290.169678
6179.503153,81716.359375,287.856049
6179.546301,81067.203125,286.683319
6179.589448,81656.710938,287.780975
6179.632595,81925.484375,288.19519
6179.675742,82681.882812,289.638031
6179.71889,83319.34375,290.606598
6179.762037,83091.0,290.251068
6179.805184,83009.484375,290.202576
6179.848331,82499.976562,289.279694
6179.891479,83064.921875,290.19165
6179.934626,82197.828125,288.764587
6179.977773,81746.289062,287.931824
6180.02092,82104.210938,288.651245
6180.064068,81029.679688,286.738617
6180.107215,81043.023438,286.670593
6180.150362,80228.085938,285.233246
6180.19351,79757.664062,284.508087
6180.236657,77440.929688,280.391907
6180.279804,74171.40625,274.455902
6180.322951,68322.226562,263.570709
6180.366099,65116.171875,257.518127
6180.409246,66015.671875,259.111755
6180.452393,69718.359375,266.372772
6180.49554,74276.382812,274.433838
6180.538688,78325.890625,281.851105
6180.581835,79175.882812,283.443268
6180.624982,79716.585938,284.376831
6180.668129,80848.546875,286.441223
6180.711277,81250.148438,287.064026
6180.754424,81328.796875,287.281555
6180.797571,81084.882812,286.725555
6180.840718,80836.21875,286.347961
6180.883866,80976.90625,286.695282
6180.927013,80895.421875,286.374298
6180.97016,80648.40625,286.025452
6181.013307,81167.09375,286.93927
6181.056455,80733.828125,286.099335
6181.099602,81058.65625,286.757782
6181.142749,80821.351562,286.398499
6181.185896,80617.039062,285.860962
6181.229044,80843.898438,286.517639
6181.272191,81006.351562,286.669403
6181.315338,79726.515625,284.431458
6181.358486,80475.367188,285.562744
6181.401633,80696.382812,286.099548
6181.44478,80346.296875,285.498688
6181.487927,80255.648438,285.284821
6181.531075,80555.25,285.928467
6181.574222,80054.289062,285.069824
6181.617369,80137.390625,284.920319
6181.660516,79765.414062,284.244598
6181.703664,80089.671875,284.890259
6181.746811,79890.6875,284.687592
6181.789958,79753.046875,284.209229
6181.833105,79393.867188,283.774719
6181.876253,79766.734375,284.357666
6181.9194,79759.96875,284.43219
6181.962547,79336.796875,283.742554
6182.005694,78952.226562,282.949127
6182.048842,79088.257812,283.174896
6182.091989,79187.9375,283.346741
6182.135136,79257.085938,283.59259
6182.178283,78843.8125,282.816528
6182.221431,79151.859375,283.377747
6182.264578,78849.070312,282.652679
6182.307725,78512.554688,282.415741
6182.350872,78548.882812,282.250061
6182.39402,78737.375,282.641815
6182.437167,78121.289062,281.424469
6182.480314,78209.695312,281.884216
6182.523462,78242.757812,281.705017
6182.566609,78305.585938,281.938354
6182.609756,78624.640625,282.370117
6182.652903,78540.15625,282.188812
6182.696051,77950.257812,281.181213
6182.739198,77960.054688,281.183258
6182.782345,77561.0625,280.495117
6182.825492,77677.9375,280.633636
6182.86864,77404.109375,280.310974
6182.911787,77532.835938,280.470062
6182.954934,77544.617188,280.401093
6182.998081,77805.804688,280.943085
6183.041229,78089.09375,281.374603
6183.084376,78344.3125,281.852875
6183.127523,77621.890625,280.714325
6183.17067,77130.75,279.749969
6183.213818,77192.382812,279.668396
6183.256965,76873.492188,279.299774
6183.300112,77208.21875,279.837524
6183.343259,77225.140625,279.936127
6183.386407,77162.976562,279.752472
6183.429554,77001.96875,279.50293
6183.472701,77559.5,280.406891
6183.515848,77329.476562,280.10202
6183.558996,76656.453125,278.942749
6183.602143,75781.804688,277.373596
6183.64529,75178.523438,276.23584
6183.688438,73850.617188,273.755402
6183.731585,73470.007812,272.968445
6183.774732,73211.929688,272.592377
6183.817879,73039.007812,272.396454
6183.861027,74065.445312,274.183594
6183.904174,74329.640625,274.578003
6183.947321,74776.476562,275.336609
6183.990468,74596.71875,275.180756
6184.033616,75732.210938,277.251892
6184.076763,74329.882812,274.754547
6184.11991,75435.601562,276.781403
6184.163057,75397.226562,276.470947
6184.206205,75609.890625,277.06134
6184.249352,75583.335938,276.833069
6184.292499,75778.429688,277.245911
6184.335646,75586.734375,276.889343
6184.378794,76012.296875,277.632172
6184.421941,75751.65625,277.19046
6184.465088,76123.914062,277.923035
6184.508235,75420.476562,276.527802
6184.551383,75207.570312,276.227875
6184.59453,75783.773438,277.284607
6184.637677,75456.4375,276.697418
6184.680824,75158.960938,276.216003
6184.723972,75378.460938,276.417297
6184.767119,75042.5625,275.88858
6184.810266,75218.132812,276.309753
6184.853414,75203.84375,276.230804
6184.896561,75229.015625,276.193939
6184.939708,75244.171875,276.254333
6184.982855,74752.242188,275.341034
6185.026003,74739.085938,275.288422
6185.06915,74798.953125,275.348572
6185.112297,74527.085938,274.88208
6185.155444,74274.1875,274.714478
6185.198592,74602.0,275.092804
6185.241739,74800.03125,275.667297
6185.284886,74757.53125,275.343445
6185.328033,74623.109375,275.217712
6185.371181,74231.171875,274.445923
6185.414328,74013.820312,274.367401
6185.457475,74081.382812,274.261139
6185.500622,73804.234375,273.763977
6185.54377,73409.164062,272.918823
6185.586917,73681.742188,273.400696
6185.630064,73972.960938,273.89032
6185.673211,73426.0625,273.00766
6185.716359,72924.164062,272.097717
6185.759506,71670.875,269.779816
6185.802653,69550.226562,265.638519
6185.8458,68985.132812,264.872498
6185.888948,68494.859375,263.849121
6185.932095,69469.539062,265.697174
6185.975242,70521.71875,267.655701
6186.01839,71658.234375,269.74762
6186.061537,73226.304688,272.552948
6186.104684,72736.375,271.678253
6186.147831,73295.867188,272.808746
6186.190979,72104.265625,270.578278
6186.234126,72190.945312,270.800171
6186.277273,71046.445312,268.592407
6186.32042,71382.4375,269.168243
6186.363568,69799.890625,266.339142
6186.406715,69963.828125,266.552063
6186.449862,70778.445312,268.004639
6186.493009,70927.609375,268.468994
6186.536157,71413.148438,269.438782
6186.579304,71763.171875,269.998383
6186.622451,71986.164062,270.279968
6186.665598,71859.382812,270.111908
6186.708746,70697.101562,268.032898
6186.751893,69893.132812,266.416443
6186.79504,67240.039062,261.508179
6186.838187,64705.015625,256.511047
6186.881335,63793.609375,254.914993
6186.924482,63617.632812,254.463562
6186.967629,66507.617188,260.098511
6187.010776,68257.929688,263.172821
6187.053924,70003.53125,266.72467
6187.097071,70853.109375,268.191315
6187.140218,70540.335938,267.626923
6187.183366,70955.8125,268.306641
6187.226513,71209.867188,268.81015
6187.26966,71142.046875,268.692932
6187.312807,71508.4375,269.46991
6187.355955,71205.914062,268.766785
6187.399102,70425.882812,267.582367
6187.442249,70717.015625,267.971344
6187.485396,70743.992188,268.049377
6187.528544,70228.359375,267.080536
6187.571691,69926.664062,266.571136
6187.614838,69751.21875,266.21579
6187.657985,69790.828125,266.20752
6187.701133,70566.460938,267.62326
6187.74428,70739.25,267.946198
6187.787427,70244.03125,266.913879
6187.830574,70090.828125,266.773499
6187.873722,69863.578125,266.350433
6187.916869,70315.546875,267.146027
6187.960016,69174.117188,265.246796
6188.003163,68461.945312,263.660278
6188.046311,65136.617188,257.355194
6188.089458,61283.960938,249.679214
6188.132605,58498.09375,244.184128
6188.175752,57371.101562,241.830963
6188.2189,59272.546875,245.708099
6188.262047,62798.839844,252.862289
6188.305194,66040.273438,258.972992
6188.348341,68121.289062,263.00885
6188.391489,68553.460938,263.832001
6188.434636,69374.140625,265.52475
6188.477783,69290.929688,265.21405
6188.520931,68983.648438,264.829346
6188.564078,68964.296875,264.660522
6188.607225,69089.546875,264.863892
6188.650372,68513.476562,263.741943
6188.69352,68753.664062,264.188538
6188.736667,68381.304688,263.414337
6188.779814,68556.78125,264.011566
6188.822961,68979.476562,264.534882
6188.866109,68223.9375,263.380219
6188.909256,68954.640625,264.555756
6188.952403,67969.3125,262.894867
6188.99555,68274.53125,263.312134
6189.038698,67611.132812,262.147156
6189.081845,67419.523438,261.708954
6189.124992,67229.632812,261.278564
6189.168139,66843.703125,260.517151
6189.211287,66961.164062,260.835419
6189.254434,66588.226562,260.168549
6189.297581,67732.296875,262.320587
6189.340728,67714.382812,262.063202
6189.383876,67707.0625,262.373383
6189.427023,67679.296875,262.017853
6189.47017,67198.773438,261.364227
6189.513317,67994.21875,262.786316
6189.556465,67209.171875,261.460785
6189.599612,67483.015625,261.790375
6189.642759,67240.109375,261.291565
6189.685907,66743.234375,260.434387
6189.729054,67495.515625,262.05127
6189.772201,66656.265625,260.127991
6189.815348,66843.367188,260.573853
6189.858496,67467.492188,261.916138
6189.901643,66777.429688,260.494812
6189.94479,67127.15625,261.008392
6189.987937,67076.828125,261.151947
6190.031085,67126.75,261.190796
6190.074232,66568.539062,260.067719
6190.117379,67010.789062,261.026123
6190.160526,66469.046875,259.864868
6190.203674,66425.546875,259.843658
6190.246821,66908.875,260.653503
6190.289968,65881.351562,258.743988
6190.333115,66112.085938,259.221893
6190.376263,66635.101562,260.165619
6190.41941,65837.15625,258.799194
6190.462557,65833.132812,258.550079
6190.505704,65487.746094,258.088867
6190.548852,65524.308594,257.924255
6190.591999,65536.296875,258.231903
6190.635146,65148.734375,257.308289
6190.678293,65183.515625,257.41568
6190.721441,65519.734375,257.890442
6190.764588,65649.3125,258.165527
6190.807735,65732.015625,258.634033
6190.850883,65370.847656,257.841766
6190.89403,65515.125,258.021484
6190.937177,65677.023438,258.316803
6190.980324,64629.253906,256.343781
6191.023472,64908.324219,256.833984
6191.066619,64494.925781,256.048462
6191.109766,64186.460938,255.434418
6191.152913,63833.527344,254.733185
6191.196061,61856.015625,250.926102
6191.239208,58234.082031,243.535568
6191.282355,52112.085938,230.69873
6191.325502,47718.570312,220.811279
6191.36865,46137.980469,217.378098
6191.411797,49464.992188,224.972321
6191.454944,54163.773438,235.035782
6191.498091,57810.335938,242.713654
6191.541239,58358.121094,243.785614
6191.584386,55604.382812,238.268677
6191.627533,49015.433594,223.870087
6191.67068,40558.265625,204.314209
6191.713828,34061.945312,187.681
6191.756975,33262.148438,185.455627
6191.800122,38101.382812,197.966141
6191.843269,46296.183594,217.635727
6191.886417,54221.988281,235.025452
6191.929564,58447.117188,243.9758
6191.972711,61135.421875,249.295212
6192.015859,62063.847656,251.27446
6192.059006,62693.128906,252.504257
6192.102153,62799.628906,252.754974
6192.1453,62487.816406,252.102585
6192.188448,63237.738281,253.621536
6192.231595,63151.425781,253.423309
6192.274742,62802.53125,252.693054
6192.317889,62884.265625,252.901733
6192.361037,62392.222656,251.826813
6192.404184,62569.199219,252.198654
6192.447331,62830.734375,252.73851
6192.490478,63090.722656,253.347549
6192.533626,62059.371094,251.225006
6192.576773,62110.804688,251.262466
6192.61992,61734.582031,250.423859
6192.663067,62401.65625,251.830246
6192.706215,62170.347656,251.495972
6192.749362,62416.683594,251.913437
6192.792509,62094.363281,251.169083
6192.835656,62318.984375,251.800888
6192.878804,62206.003906,251.613297
6192.921951,62326.0625,251.623489
6192.965098,62145.921875,251.531876
6193.008245,61244.019531,249.745865
6193.051393,61859.761719,251.00116
6193.09454,61119.511719,249.487396
6193.137687,61385.140625,249.989197
6193.180835,61447.203125,250.063828
6193.223982,61880.292969,250.717819
6193.267129,61141.726562,249.402969
6193.310276,61183.476562,249.374435
6193.353424,61352.578125,249.869186
6193.396571,61265.554688,249.738785
6193.439718,60548.992188,248.281982
6193.482865,60701.863281,248.525345
6193.526013,61029.949219,249.087036
6193.56916,60771.347656,248.659775
6193.612307,61361.554688,249.626373
6193.655454,60576.605469,248.340057
6193.698602,60672.9375,248.401596
6193.741749,60169.972656,247.371201
6193.784896,60382.394531,247.856155
6193.828043,59812.164062,246.631729
6193.871191,60301.039062,247.57431
6193.914338,60191.714844,247.393341
6193.957485,60085.117188,247.145996
6194.000632,59984.523438,246.904816
6194.04378,59593.460938,246.225342
6194.086927,60299.082031,247.481033
6194.130074,59850.886719,246.855316
6194.173221,59741.015625,246.504608
6194.216369,59487.855469,245.895844
6194.259516,59782.832031,246.572037
6194.302663,59542.265625,246.162369
6194.345811,58974.179688,244.90892
6194.388958,58861.609375,244.825775
6194.432105,57919.59375,242.746857
6194.475252,57463.078125,242.019012
6194.5184,56241.878906,239.457947
6194.561547,56012.125,238.876312
6194.604694,55430.867188,237.87645
6194.647841,56036.566406,238.884338
6194.690989,57075.394531,241.17424
6194.734136,57322.550781,241.584137
6194.777283,58353.894531,243.554688
6194.82043,58361.542969,243.686584
6194.863578,58443.382812,243.804276
6194.906725,58342.804688,243.655807
6194.949872,57843.765625,242.730453
6194.993019,57990.835938,242.891617
6195.036167,57410.667969,241.818085
6195.079314,58026.398438,242.88829
6195.122461,57917.042969,242.882233
6195.165608,58130.921875,243.202179
6195.208756,58470.132812,243.893951
6195.251903,58002.824219,242.847229
6195.29505,57716.410156,242.499741
6195.338197,56958.164062,240.731308
6195.381345,57331.585938,241.531677
6195.424492,57318.503906,241.432022
6195.467639,56814.683594,240.344223
6195.510787,56148.078125,239.075684
6195.553934,54968.457031,236.451904
6195.597081,54236.394531,234.950836
6195.640228,53699.933594,233.819229
6195.683376,54074.554688,234.70546
6195.726523,54914.253906,236.452896
6195.76967,55624.582031,238.014038
6195.812817,56259.558594,239.280472
6195.855965,56404.691406,239.601517
6195.899112,57190.230469,241.116058
6195.942259,57052.589844,240.928741
6195.985406,57183.867188,241.37886
6196.028554,57209.554688,241.382202
6196.071701,56852.082031,240.502197
6196.114848,56691.015625,240.006058
6196.157995,56823.976562,240.447601
6196.201143,56693.640625,240.144241
6196.24429,57161.175781,241.244003
6196.287437,57025.121094,240.93692
6196.330584,56842.164062,240.470551
6196.373732,56398.859375,239.686188
6196.416879,56156.394531,239.187637
6196.460026,56563.054688,239.797028
6196.503173,56575.363281,239.817276
6196.546321,56785.796875,240.454269
6196.589468,56744.011719,240.241943
6196.632615,57058.097656,241.049728
6196.675763,56660.382812,240.037796
6196.71891,56356.75,239.496262
6196.762057,55689.097656,238.044846
6196.805204,55857.417969,238.441406
6196.848352,55785.601562,238.122589
6196.891499,55865.121094,238.53212
6196.934646,56049.441406,238.814575
6196.977793,55609.691406,237.831329
6197.020941,55483.394531,237.584869
6197.064088,54977.648438,236.523132
6197.107235,55626.398438,237.723846
6197.150382,55380.707031,237.418915
6197.19353,55490.609375,237.552902
6197.236677,55636.601562,237.878311
6197.279824,55353.058594,237.365463
6197.322971,54968.824219,236.552948
6197.366119,55270.359375,237.217148
6197.409266,54918.414062,236.319458
6197.452413,55156.25,236.991974
6197.49556,55231.648438,237.146622
6197.538708,54886.882812,236.332458
6197.581855,54700.738281,236.006485
6197.625002,54606.546875,235.720245
6197.668149,54641.316406,235.991013
6197.711297,54994.171875,236.560226
6197.754444,54492.507812,235.443893
6197.797591,54467.246094,235.397629
6197.840739,53947.984375,234.306503
6197.883886,54029.679688,234.545181
6197.927033,54162.996094,234.885651
6197.97018,54121.394531,234.681427
6198.013328,54302.644531,235.073929
6198.056475,54205.109375,234.824966
6198.099622,53774.074219,233.967712
6198.142769,53925.789062,234.365875
6198.185917,53662.0625,233.768005
6198.229064,54164.734375,234.693405
6198.272211,53855.671875,234.132004
6198.315358,53469.457031,233.190552
6198.358506,53710.597656,233.703918
6198.401653,53526.996094,233.364807
6198.4448,53260.5,232.74057
6198.487947,53609.066406,233.554535
6198.531095,53289.140625,232.923187
6198.574242,52887.691406,232.098648
6198.617389,52997.945312,232.361923
6198.660536,53369.921875,233.034744
6198.703684,53301.917969,233.000305
6198.746831,52498.761719,231.247223
6198.789978,52647.285156,231.59874
6198.833125,52914.109375,231.985428
6198.876273,52450.679688,231.208038
6198.91942,52748.886719,231.757858
6198.962567,52469.792969,231.172638
6199.005715,52628.84375,231.591705
6199.048862,52747.96875,231.762009
6199.092009,52216.597656,230.497238
6199.135156,52458.980469,230.955093
6199.178304,51970.796875,230.108032
6199.221451,52167.847656,230.463852
6199.264598,50687.683594,227.280197
6199.307745,50928.566406,227.628738
6199.350893,50229.597656,226.319977
6199.39404,50604.300781,227.260727
6199.437187,50541.109375,226.893494
6199.480334,50839.261719,227.628708
6199.523482,51421.222656,228.848511
6199.566629,51389.214844,228.940552
6199.609776,51146.929688,228.287888
6199.652923,51627.660156,229.243057
6199.696071,51399.53125,228.734573
6199.739218,51268.609375,228.605682
6199.782365,50647.402344,227.157486
6199.825512,51790.160156,229.768707
6199.86866,51351.285156,228.632355
6199.911807,51214.902344,228.355743
6199.954954,50853.917969,227.823746
6199.998101,50810.117188,227.432327
